{
    "video_ad5.mp4": [
        0.0,
        2.2333333333333334,
        4.433333333333334,
        5.733333333333333,
        9.333333333333334,
        13.6,
        14.533333333333333,
        18.766666666666666,
        20.033333333333335,
        22.8,
        27.9
    ],
    "video_ad14.mp4": [
        0.0,
        1.0,
        1.68,
        2.44,
        3.04,
        4.36,
        10.64,
        17.44,
        19.72,
        24.2,
        36.76,
        44.16
    ],
    "video_ad25.mp4": [
        0.0,
        5.52,
        9.48,
        12.4,
        14.56,
        15.64,
        17.2,
        25.28,
        26.24,
        33.52,
        39.28,
        46.28
    ],
    "video_ad32.mp4": [
        0.0,
        1.001,
        2.2939583333333333,
        29.988291666666665,
        32.07370833333333,
        45.79575,
        46.671625,
        48.59020833333333,
        52.59420833333333
    ],
    "video_ad38.mp4": [
        0.0,
        2.125,
        3.1666666666666665,
        6.166666666666667,
        9.041666666666666,
        11.375,
        28.958333333333332,
        30.75,
        32.375,
        34.875,
        37.0,
        38.291666666666664,
        43.708333333333336
    ]
}