{
    "video_ad14": [
        0.0,
        1.68,
        3.04,
        10.64,
        17.44,
        24.2,
        36.76,
        44.16,
        51.28
    ],
    "video_ad1": [
        0.0,
        50.717333333333336,
        55.18846666666667,
        59.49276666666667,
        63.1631,
        75.24183333333333,
        81.7817,
        100.4003
    ],
    "video_ad2": [
        0.0,
        6.8,
        17.48,
        25.24,
        36.24,
        39.88,
        46.48,
        57.96
    ],
    "video_ad3": [
        0.0,
        7.666666666666667,
        17.266666666666666,
        24.9,
        33.13333333333333,
        52.0
    ],
    "video_ad4": [
        0.0,
        1.0,
        21.1,
        24.7,
        26.566666666666666,
        33.666666666666664
    ],
    "video_ad5": [
        0.0,
        4.433333333333334,
        9.333333333333334,
        13.6,
        18.766666666666666,
        22.8,
        27.9
    ],
    "video_ad6": [
        0.0,
        2.16,
        4.72,
        7.68,
        10.88,
        16.04
    ],
    "video_ad7": [
        0.0,
        4.748503937007873,
        8.955511811023621,
        18.70244094488189,
        25.991811023622045,
        32.82299212598425,
        43.44464566929134,
        52.9
    ],
    "video_ad8": [
        0.0,
        12.2,
        14.36,
        20.16,
        26.16,
        40.6
    ],
    "video_ad9": [
        0.0,
        6.631625,
        15.849166666666665,
        19.519499999999997,
        30.864166666666666,
        33.86716666666666,
        51.509791666666665
    ],
    "video_ad10": [
        0.0,
        4.68,
        7.24,
        9.6,
        12.2,
        17.12,
        20.04
    ],
    "video_ad11": [
        0.0,
        10.4,
        20.72,
        23.96,
        26.6,
        35.64,
        60.0
    ],
    "video_ad12": [
        0.0,
        2.92,
        4.72,
        6.84,
        10.32,
        11.52,
        16.8
    ],
    "video_ad13": [
        0.0,
        5.64,
        7.8,
        12.24,
        16.2,
        19.96,
        23.24,
        27.0,
        30.0
    ],
    "video_ad15": [
        0.0,
        2.433333333333333,
        4.766666666666667,
        7.066666666666666,
        9.266666666666667,
        15.0
    ],
    "video_ad16": [
        0.0,
        2.8,
        7.88,
        11.52,
        16.08,
        17.84,
        23.52,
        30.0
    ],
    "video_ad17": [
        0.0,
        4.671333333333333,
        6.673333333333333,
        30.28025,
        52.59420833333333,
        64.939875,
        66.48308333333333
    ],
    "video_ad18": [
        0.0,
        4.671333333333333,
        21.104416666666665,
        40.623916666666666,
        57.307249999999996,
        60.059999999999995
    ],
    "video_ad19": [
        0.0,
        12.52,
        20.32,
        26.24,
        36.4,
        54.0,
        60.0
    ],
    "video_ad20": [
        0.0,
        8.133125,
        14.305958333333333,
        16.433083333333332,
        27.81945833333333
    ],
    "video_ad21": [
        0.0,
        12.470791666666665,
        17.976291666666665,
        32.19883333333333,
        40.04,
        44.79474999999999,
        66.23283333333333,
        109.90145833333332
    ],
    "video_ad22": [
        0.0,
        6.36,
        9.64,
        13.64,
        19.88,
        25.36,
        30.0
    ],
    "video_ad23": [
        0.0,
        2.127125,
        4.25425,
        6.881874999999999,
        10.301958333333333,
        11.886875,
        15.014999999999999
    ],
    "video_ad24": [
        0.0,
        12.083333333333334,
        28.125,
        42.458333333333336,
        44.916666666666664,
        59.416666666666664
    ],
    "video_ad25": [
        0.0,
        9.48,
        14.56,
        17.2,
        25.28,
        33.52,
        46.28,
        55.32
    ],
    "video_ad26": [
        0.0,
        8.258249999999999,
        18.893874999999998,
        22.022,
        25.56720833333333,
        39.99829166666667
    ],
    "video_ad27": [
        0.0,
        1.25125,
        2.5025,
        3.7537499999999997,
        6.005999999999999
    ],
    "video_ad28": [
        0.0,
        21.066666666666666,
        31.0,
        33.1,
        43.86666666666667,
        45.96666666666667,
        62.6
    ],
    "video_ad29": [
        0.0,
        6.44,
        9.56,
        16.48,
        22.72,
        26.56
    ],
    "video_ad30": [
        0.0,
        2.8,
        6.04,
        8.72,
        11.32,
        14.64
    ],
    "video_ad31": [
        0.0,
        2.2939583333333333,
        4.921583333333333,
        6.548208333333333,
        8.258249999999999,
        10.26025,
        15.014999999999999
    ],
    "video_ad32": [
        0.0,
        2.2939583333333333,
        29.988291666666665,
        45.79575,
        48.59020833333333,
        60.059999999999995
    ],
    "video_ad33": [
        0.0,
        2.544208333333333,
        6.214541666666666,
        11.386375,
        15.890875,
        20.854166666666664,
        27.152124999999998
    ],
    "video_ad34": [
        0.0,
        6.96,
        14.12,
        17.48,
        21.76,
        26.04,
        30.32
    ],
    "video_ad35": [
        0.0,
        2.28,
        4.16,
        5.76,
        8.08,
        10.0
    ],
    "video_ad36": [
        0.0,
        11.970291666666666,
        19.93658333333333,
        24.983291666666666,
        33.70033333333333,
        43.25154166666666,
        53.678625
    ],
    "video_ad37": [
        0.0,
        7.6076,
        11.478133333333334,
        14.981633333333333,
        20.286933333333334,
        25.325300000000002,
        30.03
    ],
    "video_ad38": [
        0.0,
        6.166666666666667,
        11.375,
        28.958333333333332,
        32.375,
        37.0,
        43.708333333333336,
        51.0
    ],
    "video_ad39": [
        0.0,
        2.0854166666666667,
        4.671333333333333,
        7.090416666666666,
        12.846166666666665,
        15.014999999999999
    ],
    "video_ad40": [
        0.0,
        11.4,
        17.36,
        20.88,
        24.56,
        30.0
    ],
    "video_ad41": [
        0.0,
        7.173833333333333,
        11.886875,
        27.902874999999998,
        38.413374999999995,
        60.059999999999995
    ],
    "video_ad42": [
        0.0,
        7.68,
        17.32,
        21.92,
        32.96,
        49.0,
        60.0
    ],
    "video_ad43": [
        0.0,
        9.3,
        11.533333333333333,
        14.566666666666666,
        18.9,
        30.0
    ],
    "video_ad44": [
        0.0,
        2.3859704934982306,
        4.811707161888099,
        7.237443830277966,
        9.504115799101285,
        11.850320117707879,
        14.991847934147215
    ],
    "video_ad45": [
        0.0,
        5.5055,
        8.133125,
        12.679333333333332,
        17.934583333333332,
        21.229541666666666,
        29.69633333333333
    ],
    "video_ad46": [
        0.0,
        5.046708333333333,
        8.75875,
        10.802458333333332,
        14.472791666666666,
        17.726041666666667,
        25.27525,
        30.029999999999998
    ],
    "video_ad47": [
        0.0,
        1.8,
        5.28,
        7.4,
        10.96,
        15.0
    ],
    "video_ad48": [
        0.0,
        5.797458333333333,
        16.224541666666667,
        19.93658333333333,
        25.859166666666663,
        28.862166666666663
    ],
    "video_ad49": [
        0.0,
        12.166666666666666,
        19.083333333333332,
        20.833333333333332,
        24.291666666666668,
        28.625,
        31.25,
        39.0
    ],
    "video_ad50": [
        0.0,
        2.544208333333333,
        5.255249999999999,
        7.507499999999999,
        11.344666666666665,
        12.637625,
        15.056708333333333
    ],