{
    "model_v2m": {
        "video_ad5___D_major___D_G_A_D.mid": 0.18181818181818182,
        "video_ad38___C_major___C_Am_F_G.mid": 0.36363636363636365,
        "video_ad2___C_major___C_Am_F_G.mid": 0.15384615384615385,
        "video_ad19___C_major___C_Am_F_G.mid": 0.16666666666666666,
        "video_ad25___G_major___C.mid": 0.25,
        "video_ad26___C_major___C_Am_F_G.mid": 0.1,
        "video_ad13___C_major___C_Am_F_G.mid": 0.7,
        "video_ad5___C_major___C_Am_F_G.mid": 0.18181818181818182,
        "video_ad16___C_major___C_Am_F_G.mid": 0.7777777777777778,
        "video_ad14___C_major___C_Am_F_G.mid": 0.13333333333333333,
        "video_ad14___D_major___D_G_A_D.mid": 0.13333333333333333,
        "video_ad17___C_major___C_Am_F_G.mid": 0.08333333333333333,
        "video_ad25___D_major___D_G_A_D.mid": 0.25,
        "video_ad5___G_major___C.mid": 0.18181818181818182,
        "video_ad25___C_major___C_Am_F_G.mid": 0.25,
        "video_ad10___C_major___C_Am_F_G.mid": 0.3,
        "video_ad18___C_major___C_Am_F_G.mid": 0.0,
        "video_ad12___C_major___C_Am_F_G.mid": 0.625,
        "video_ad1___C_major___C_Am_F_G.mid": 0.15384615384615385,
        "video_ad38___D_major___D_G_A_D.mid": 0.36363636363636365,
        "video_ad20___C_major___C_Am_F_G.mid": 0.0,
        "video_ad32___C_major___C_Am_F_G.mid": 0.1,
        "video_ad15___C_major___C_Am_F_G.mid": 0.375,
        "video_ad24___C_major___C_Am_F_G.mid": 0.0,
        "video_ad11___C_major___C_Am_F_G.mid": 0.08333333333333333,
        "video_ad21___C_major___C_Am_F_G.mid": 0.0,
        "video_ad23___C_major___C_Am_F_G.mid": 0.625,
        "video_ad22___C_major___C_Am_F_G.mid": 0.4,
        "video_ad14___G_major___C.mid": 0.13333333333333333,
        "video_ad30___C_major___C_Am_F_G.mid": 0.8333333333333334
    },
    "model_nnotes": {
        "video_ad14_v2_rs0_g1.midi": 0.13333333333333333,
        "video_ad14_v2_rs0_g2.midi": 0.0,
        "video_ad5_v2_rs0_g0.midi": 0.0,
        "video_ad14_v2_rs0_g0.midi": 0.0,
        "video_ad25_v2_rs0_g2.midi": 0.07142857142857142,
        "video_ad5_v2_rs0_g11.midi": 0.3,
        "video_ad25_v2_rs0_g0.midi": 0.25,
        "video_ad5_v2_rs0_g2.midi": 0.4444444444444444,
        "video_ad25_v2_rs0_g11.midi": 0.15384615384615385,
        "video_ad38_v2_rs0_g11.midi": 0.25,
        "video_ad17_v2_rs0_g11.midi": 0.0,
        "video_ad32_v2_rs0_g11.midi": 0.0,
        "video_ad14_v2_rs0_g11.midi": 0.13333333333333333
    },
    "model_variations": {
        "variations_video_ad14_A_A1_A2_A3_A4_A5_A6_A7_rs0_t5128_ngen10696.midi": 0.3076923076923077,
        "variations_video_ad5_A_A1_A2_A3_A4_A5_rs1_t3003_ngen8022.midi": 0.18181818181818182,
        "variations_video_ad25_A_A1_A2_A3_A4_A5_A6_A7_A8_rs1_t5532_ngen12033.midi": 0.25,
        "variations_video_ad25_A_A1_A2_A3_A4_A5_A6_A7_A8_rs0_t5532_ngen12033.midi": 0.25,
        "variations_video_ad38_A_A1_A2_A3_A4_A5_A6_rs1_t5101_ngen9359.midi": 0.07142857142857142,
        "variations_video_ad5_A_A1_A2_A3_A4_A5_rs2_t3003_ngen8022.midi": 0.4444444444444444,
        "variations_video_ad38_A_A1_A2_A3_A4_A5_A6_rs0_t5101_ngen9359.midi": 0.0,
        "variations_video_ad14_A_A1_A2_A3_A4_A5_A6_A7_rs1_t5128_ngen10696.midi": 0.13333333333333333,
        "variations_video_ad5_A_A1_A2_A3_A4_A5_rs0_t3003_ngen8022.midi": 0.4444444444444444,
        "variations_video_ad32_A_A1_A2_A3_A4_A5_A6_rs1_t6006_ngen9359.midi": 0.1
    },
    "model_velocity": {
        "video_ad5_genre_pop_sentiment_0.midi": 0.3,
        "video_ad25_genre_classical_sentiment_0.midi": 0.07142857142857142,
        "video_ad32_genre_rock_sentiment_0.midi": 0.1,
        "video_ad5_genre_classical_sentiment_0.midi": 0.0,
        "video_ad14_genre_classical_sentiment_0.midi": 0.0,
        "video_ad25_genre_pop_sentiment_1.midi": 0.07142857142857142,
        "video_ad14_genre_pop_sentiment_1.midi": 0.13333333333333333,
        "video_ad24_genre_pop_sentiment_0.midi": 0.1,
        "video_ad38_genre_rock_sentiment_1.midi": 0.0,
        "video_ad32_genre_pop_sentiment_0.midi": 0.0,
        "video_ad38_genre_pop_sentiment_0.midi": 0.0,
        "video_ad5_genre_rock_sentiment_1.midi": 0.3,
        "video_ad38_genre_pop_sentiment_1.midi": 0.0,
        "video_ad5_genre_rock_sentiment_0.midi": 0.4444444444444444,
        "video_ad14_genre_rock_sentiment_0.midi": 0.0,
        "video_ad5_genre_classical_sentiment_1.midi": 0.08333333333333333,
        "video_ad38_genre_rock_sentiment_0.midi": 0.0,
        "video_ad38_genre_classical_sentiment_1.midi": 0.0,
        "video_ad25_genre_rock_sentiment_1.midi": 0.0,
        "video_ad25_genre_rock_sentiment_0.midi": 0.0,
        "video_ad32_genre_classical_sentiment_1.midi": 0.0,
        "video_ad38_genre_classical_sentiment_0.midi": 0.07142857142857142,
        "video_ad32_genre_rock_sentiment_1.midi": 0.1,
        "video_ad5_genre_pop_sentiment_1.midi": 0.0,
        "video_ad32_genre_pop_sentiment_1.midi": 0.1,
        "video_ad25_genre_pop_sentiment_0.midi": 0.07142857142857142,
        "video_ad32_genre_classical_sentiment_0.midi": 0.0,
        "video_ad25_genre_classical_sentiment_1.midi": 0.07142857142857142,
        "video_ad14_genre_classical_sentiment_1.midi": 0.0,
        "video_ad14_genre_pop_sentiment_0.midi": 0.0625,
        "video_ad14_genre_rock_sentiment_1.midi": 0.0
    },
    "model_original": {
        "music_orig_video_ad54.mid": 0.375,
        "music_orig_video_ad74.mid": 0.3,
        "music_orig_video_ad78.mid": 0.3,
        "music_orig_video_ad45.mid": 0.3,
        "music_orig_video_ad13.mid": 0.7,
        "music_orig_video_ad16.mid": 0.5,
        "music_orig_video_ad50.mid": 0.4444444444444444,
        "music_orig_video_ad9.mid": 0.3,
        "music_orig_video_ad30.mid": 0.375,
        "music_orig_video_ad28.mid": 0.08333333333333333,
        "music_orig_video_ad65.mid": 0.375,
        "music_orig_video_ad20.mid": 0.5,
        "music_orig_video_ad29.mid": 0.2222222222222222,
        "music_orig_video_ad58.mid": 0.4444444444444444,
        "music_orig_video_ad66.mid": 0.375,
        "music_orig_video_ad32.mid": 0.2222222222222222,
        "music_orig_video_ad72.mid": 0.4444444444444444,
        "music_orig_video_ad47.mid": 0.375,
        "music_orig_video_ad43.mid": 0.375,
        "music_orig_video_ad81.mid": 0.5,
        "music_orig_video_ad27.mid": 0.6,
        "music_orig_video_ad38.mid": 0.25,
        "music_orig_video_ad5.mid": 0.18181818181818182,
        "music_orig_video_ad55.mid": 0.4444444444444444,
        "music_orig_video_ad49.mid": 0.07142857142857142,
        "music_orig_video_ad79.mid": 0.8333333333333334,
        "music_orig_video_ad64.mid": 0.5714285714285714,
        "music_orig_video_ad18.mid": 0.375,
        "music_orig_video_ad39.mid": 0.5714285714285714,
        "music_orig_video_ad51.mid": 0.5,
        "music_orig_video_ad70.mid": 0.5714285714285714,
        "music_orig_video_ad25.mid": 0.5,
        "music_orig_video_ad36.mid": 0.18181818181818182,
        "music_orig_video_ad2.mid": 0.07142857142857142,
        "music_orig_video_ad46.mid": 0.36363636363636365,
        "music_orig_video_ad23.mid": 0.625,
        "music_orig_video_ad21.mid": 0.15384615384615385,
        "music_orig_video_ad56.mid": 0.5,
        "music_orig_video_ad62.mid": 0.625,
        "music_orig_video_ad80.mid": 0.5714285714285714,
        "music_orig_video_ad17.mid": 0.08333333333333333,
        "music_orig_video_ad8.mid": 0.375,
        "music_orig_video_ad76.mid": 0.375,
        "music_orig_video_ad1.mid": 0.07142857142857142,
        "music_orig_video_ad69.mid": 0.1,
        "music_orig_video_ad61.mid": 0.375,
        "music_orig_video_ad6.mid": 0.375,
        "music_orig_video_ad77.mid": 0.08333333333333333,
        "music_orig_video_ad4.mid": 0.1,
        "music_orig_video_ad15.mid": 0.375,
        "music_orig_video_ad71.mid": 0.8571428571428571,
        "music_orig_video_ad19.mid": 0.18181818181818182,
        "music_orig_video_ad11.mid": 0.0,